Domain,avg_acc,worst_case_acc,best_case_acc
art_painting,77.2412109375,74.853515625,79.736328125
cartoon,72.61945392491467,69.75255972696246,75.08532423208192
photo,92.7005988023952,90.2994011976048,94.25149700598803
sketch,63.51997963858488,59.73530160346144,68.00712649529142
