Domain,avg_acc,worst_case_acc,best_case_acc
art_painting,80.7080078125,78.61328125,82.6171875
cartoon,76.50170648464163,72.05631399317406,81.91126279863481
photo,95.1377245508982,92.27544910179641,96.2874251497006
sketch,70.76355306693816,67.90531941969967,72.74115551030796
