Domain,avg_acc,worst_case_acc,best_case_acc
art_painting,78.7060546875,74.609375,82.177734375
cartoon,67.70051194539249,62.96928327645051,73.67747440273038
photo,92.36526946107784,84.37125748502994,95.02994011976048
sketch,59.07864596589464,50.87808602697888,65.6146602188852
